response	response_time	trial_ISI	trial_shape
None	0	2000	red_star
None	0	1000	red_circle
None	0	2500	green_triangle
None	0	1500	yellow_square
None	0	1500	blue_circle
None	0	2000	green_star
None	0	2500	blue_square
None	0	1500	yellow_square
None	0	2000	yellow_triangle
None	0	1000	yellow_square
space	427	1000	red_square
None	0	1500	yellow_square
None	0	1500	red_circle
space	369	2000	red_square
None	0	1500	yellow_triangle
space	337	1500	red_square
None	0	1500	blue_square
space	308	2000	red_square
None	0	2000	yellow_star
None	0	1500	blue_star
None	0	2500	yellow_circle
None	0	1000	green_star
None	0	2500	green_square
space	375	1000	red_square
space	478	2500	red_square
space	300	2000	red_square
None	0	2000	green_triangle
None	0	1000	green_star
None	0	1000	blue_circle
space	321	1000	red_square
None	0	1500	yellow_triangle
space	306	1500	red_square
None	0	1500	red_star
None	0	1500	green_star
None	0	1000	green_star
None	0	1000	blue_circle
None	0	2500	yellow_circle
None	0	1000	blue_circle
space	370	2000	red_square
None	0	2000	red_circle
None	0	2500	yellow_square
None	0	1500	blue_square
None	0	1500	green_triangle
space	372	1000	red_square
space	372	2500	red_square
space	342	2000	red_square
None	0	1000	green_square
None	0	1500	blue_star
space	382	2000	red_square
None	0	1500	blue_square
None	0	2000	yellow_triangle
space	318	1000	red_triangle
None	0	1000	green_square
None	0	2500	blue_triangle
None	0	1500	green_circle
None	0	2000	blue_star
space	371	1000	red_square
None	0	1000	red_triangle
space	450	1000	red_square
None	0	1000	yellow_triangle
None	0	2500	green_triangle
space	442	2500	red_square
None	0	2000	green_circle
None	0	2500	yellow_star
None	0	2500	blue_circle
None	0	1500	yellow_square
None	0	2000	green_square
None	0	1500	yellow_triangle
None	0	2000	blue_star
None	0	1000	blue_square
space	452	1500	red_square
space	381	2500	red_square
None	0	1000	green_triangle
None	0	1000	red_circle
None	0	2500	yellow_square
None	0	2000	red_triangle
None	0	2500	green_square
None	0	2500	red_circle
None	0	2500	yellow_circle
space	351	1500	red_square
None	0	1500	blue_circle
None	0	1000	blue_square
None	0	2500	red_circle
space	394	2500	red_square
None	0	2500	red_triangle
space	353	1500	red_square
None	0	1000	green_triangle
None	0	2500	yellow_triangle
None	0	2000	blue_star
None	0	1500	yellow_square
None	0	2000	blue_triangle
space	380	2500	red_square
None	0	1500	blue_star
space	387	1500	red_square
space	341	2500	red_square
space	366	2500	red_circle
space	432	2000	red_square
space	415	2000	red_square
None	0	1000	blue_triangle
space	406	1000	red_square
None	0	2000	yellow_square
None	0	2500	green_square
None	0	1000	green_square
None	0	2000	yellow_star
None	0	2000	green_circle
None	0	1000	blue_triangle
None	0	2000	blue_triangle
None	0	2000	blue_triangle
None	0	1500	red_circle
None	0	1000	green_square
None	0	1000	red_star
None	0	1500	red_circle
None	0	1500	red_star
None	0	2500	blue_star
None	0	2500	green_square
None	0	2500	blue_square
None	0	1500	blue_triangle
None	0	2500	blue_square
space	466	1500	red_square
None	0	1000	blue_star
None	0	1500	blue_star
space	364	2500	red_square
space	462	1000	red_square
space	477	2000	red_square
None	0	2500	green_circle
None	0	1000	green_star
None	0	2000	green_triangle
None	0	2500	red_circle
space	374	1500	red_square
space	384	2000	red_square
None	0	1000	blue_triangle
None	0	1000	yellow_square
None	0	2500	blue_circle
space	375	1500	red_square
None	0	2000	red_triangle
None	0	1000	red_star
None	0	1000	red_circle
None	0	2500	red_triangle
None	0	1000	yellow_square
space	432	2500	red_square
None	0	2500	green_square
None	0	2500	green_square
None	0	1000	red_star
None	0	2000	green_circle
None	0	1000	yellow_star
None	0	1500	red_star
None	0	2000	red_star
None	0	1500	red_circle
space	369	1500	red_square
None	0	1500	yellow_star
None	0	1000	yellow_square
None	0	1000	yellow_star
space	354	1500	red_square
None	0	1000	red_triangle
space	455	2500	red_square
None	0	2000	blue_square
None	0	2500	blue_triangle
space	338	1500	red_square
None	0	2000	green_square
None	0	2500	yellow_triangle
space	364	1000	red_square
None	0	1000	green_circle
None	0	2500	red_star
space	376	1500	red_square
space	345	1500	red_square
space	299	1500	red_square
space	308	2500	red_square
space	381	1000	red_square
None	0	2500	green_circle
space	375	2000	red_square
space	438	2000	red_square
space	325	1000	red_square
None	0	2000	blue_square
None	0	2000	blue_square
None	0	2000	blue_star
space	371	2500	red_square
space	377	1500	red_square
space	314	2000	red_square
None	0	2000	blue_square
space	297	2000	red_square
None	0	1000	red_triangle
None	0	2000	yellow_circle
None	0	2000	red_triangle
None	0	1500	green_circle
space	349	1000	red_triangle
None	0	1000	red_star
space	607	2000	red_square
space	391	2000	red_square
space	334	1500	red_square
None	0	1500	blue_circle
space	385	1000	red_square
None	0	2000	yellow_circle
None	0	1500	blue_square
None	0	1500	yellow_square
space	386	1000	red_square
space	369	2000	red_square
None	0	1500	blue_square
None	0	1000	red_triangle
space	394	1500	red_square
None	0	2500	red_star
None	0	2000	yellow_square
space	361	1000	red_square
space	480	2000	red_square
None	0	2000	green_star
None	0	2000	green_triangle
None	0	1500	yellow_square
space	375	1000	red_square
None	0	1500	green_star
space	368	1500	red_square
None	0	1000	yellow_star
space	325	2000	red_square
None	0	1000	yellow_square
None	0	1500	green_circle
None	0	2500	green_square
None	0	2000	green_square
space	410	2500	red_square
space	328	2500	red_square
None	0	1500	red_triangle
None	0	1000	red_star
None	0	2500	yellow_circle
None	0	2500	red_circle
None	0	1000	red_star
None	0	2500	yellow_square
None	0	2500	green_square
space	412	2000	red_square
None	0	2000	red_star
space	379	1000	red_square
None	0	2500	blue_circle
None	0	2500	yellow_triangle
None	0	1500	yellow_star
space	383	2500	red_square
space	376	2000	red_square
space	351	2500	red_square
None	0	2000	yellow_star
None	0	2500	red_triangle
None	0	1000	yellow_circle
space	361	1000	red_triangle
None	0	1500	green_triangle
space	403	2500	red_square
space	411	1500	red_square
None	0	2500	red_triangle
None	0	2500	red_triangle
None	0	1500	blue_circle
None	0	1000	red_triangle
None	0	2500	red_circle
None	0	1500	green_circle
space	447	2000	red_square
None	0	1000	red_star
space	590	2000	red_square
None	0	2500	yellow_triangle
space	328	2000	red_square
None	0	1500	yellow_circle
space	376	2500	red_square
space	410	2500	red_square
None	0	1500	blue_square
space	433	1500	red_square
space	370	1000	red_square
space	353	1500	red_square
None	0	1500	blue_square
None	0	1500	yellow_circle
None	0	1000	yellow_star
None	0	2500	yellow_circle
None	0	1500	red_triangle
None	0	2500	green_triangle
space	353	2000	red_square
None	0	2500	blue_star
space	386	1000	red_square
space	417	2500	red_square
space	315	2000	red_square
None	0	2000	yellow_triangle
space	298	2000	red_square
None	0	2500	blue_square
None	0	2000	blue_triangle
None	0	1000	green_circle
space	370	1500	red_square
None	0	1000	yellow_star
None	0	2000	yellow_triangle
None	0	2500	yellow_star
None	0	2500	red_circle
space	365	1000	red_square
None	0	1500	blue_square
None	0	1500	yellow_square
space	439	2000	red_square
space	391	2500	red_square
None	0	1500	green_triangle
None	0	2000	red_circle
None	0	1500	red_star
None	0	1500	blue_square
None	0	2500	red_circle
None	0	2500	blue_star
None	0	1000	green_triangle
None	0	2500	green_star
None	0	2000	blue_triangle
None	0	1500	green_square
None	0	2000	green_square
space	351	2500	red_square
None	0	2000	yellow_square
None	0	2000	blue_star
None	0	1500	green_circle
None	0	1000	red_circle
None	0	1000	red_star
space	464	2500	red_square
None	0	2000	red_star
None	0	2000	green_star
None	0	2000	blue_triangle
None	0	1500	yellow_circle
None	0	2000	blue_triangle
space	357	1000	red_square
None	0	1000	red_star
None	0	2000	green_star
None	0	1000	green_triangle
None	0	1500	blue_circle
None	0	1500	yellow_circle
None	0	2500	green_square
space	328	2000	red_square
space	294	1000	red_square
None	0	2500	green_circle
None	0	1000	green_star
space	471	1000	red_circle
None	0	1000	blue_circle
