participant_id	LPS_1	LPS_2
sub-010001	n/a	n/a
sub-010002	n/a	n/a
sub-010004	n/a	n/a
sub-010005	n/a	n/a
sub-010006	n/a	n/a
sub-010007	n/a	n/a
sub-010008	27.0	n/a
sub-010009	15.0	n/a
sub-010011	21.0	n/a
sub-010012	n/a	n/a
sub-010014	19.0	n/a
sub-010015	n/a	n/a
sub-010016	n/a	n/a
sub-010017	n/a	n/a
sub-010018	21.0	n/a
sub-010019	n/a	n/a
sub-010020	n/a	n/a
sub-010021	n/a	n/a
sub-010003	n/a	n/a
sub-010010	n/a	n/a
sub-010100	n/a	n/a
sub-010022	n/a	n/a
sub-010023	n/a	n/a
sub-010024	n/a	n/a
sub-010104	n/a	n/a
sub-010321	n/a	n/a
sub-010110	n/a	n/a
sub-010134	n/a	n/a
sub-010150	n/a	n/a
sub-010169	n/a	n/a
sub-010025	n/a	n/a
sub-010026	n/a	n/a
sub-010027	n/a	n/a
sub-010320	n/a	n/a
sub-010028	n/a	n/a
sub-010029	n/a	n/a
sub-010030	n/a	n/a
sub-010031	n/a	n/a
sub-010032	n/a	n/a
sub-010033	n/a	n/a
sub-010034	n/a	n/a
sub-010170	n/a	n/a
sub-010035	n/a	n/a
sub-010183	n/a	n/a
sub-010197	n/a	n/a
sub-010036	n/a	n/a
sub-010037	n/a	n/a
sub-010199	n/a	n/a
sub-010202	n/a	n/a
sub-010038	n/a	n/a
sub-010039	n/a	n/a
sub-010207	n/a	n/a
sub-010040	n/a	n/a
sub-010041	n/a	n/a
sub-010042	n/a	n/a
sub-010219	n/a	n/a
sub-010043	n/a	n/a
sub-010222	n/a	n/a
sub-010044	n/a	n/a
sub-010045	n/a	n/a
sub-010046	n/a	n/a
sub-010047	n/a	n/a
sub-010048	n/a	n/a
sub-010223	n/a	n/a
sub-010049	n/a	n/a
sub-010234	n/a	n/a
sub-010050	n/a	n/a
sub-010051	n/a	n/a
sub-010235	n/a	n/a
sub-010052	n/a	n/a
sub-010053	n/a	n/a
sub-010054	n/a	n/a
sub-010055	n/a	n/a
sub-010056	n/a	n/a
sub-010057	n/a	n/a
sub-010058	26.0	n/a
sub-010059	n/a	n/a
sub-010060	n/a	n/a
sub-010061	n/a	n/a
sub-010062	n/a	n/a
sub-010063	n/a	n/a
sub-010064	n/a	n/a
sub-010065	n/a	n/a
sub-010066	n/a	n/a
sub-010236	n/a	n/a
sub-010067	n/a	n/a
sub-010237	n/a	n/a
sub-010068	n/a	n/a
sub-010069	n/a	n/a
sub-010070	n/a	n/a
sub-010238	n/a	n/a
sub-010071	n/a	n/a
sub-010072	n/a	n/a
sub-010073	n/a	n/a
sub-010074	n/a	n/a
sub-010075	n/a	n/a
sub-010076	n/a	n/a
sub-010077	n/a	n/a
sub-010078	n/a	n/a
sub-010239	n/a	n/a
sub-010079	n/a	n/a
sub-010080	n/a	n/a
sub-010240	n/a	n/a
sub-010081	n/a	n/a
sub-010082	23.0	n/a
sub-010083	n/a	n/a
sub-010084	n/a	n/a
sub-010241	n/a	n/a
sub-010085	n/a	n/a
sub-010242	n/a	n/a
sub-010086	n/a	n/a
sub-010087	n/a	n/a
sub-010243	n/a	n/a
sub-010244	n/a	n/a
sub-010245	n/a	n/a
sub-010246	n/a	n/a
sub-010088	n/a	n/a
sub-010089	n/a	n/a
sub-010090	n/a	n/a
sub-010091	n/a	n/a
sub-010247	n/a	n/a
sub-010249	n/a	n/a
sub-010092	n/a	n/a
sub-010093	n/a	n/a
sub-010250	n/a	n/a
sub-010251	n/a	n/a
sub-010094	n/a	n/a
sub-010252	n/a	n/a
sub-010253	n/a	n/a
sub-010096	22.0	n/a
sub-010097	n/a	n/a
sub-010098	19.0	n/a
sub-010099	21.0	asks, if only part of a symbol can be wrong or the whole symbol must be wrong
sub-010101	21.0	n/a
sub-010102	24.0	n/a
sub-010103	n/a	n/a
sub-010105	22.0	n/a
sub-010106	23.0	n/a
sub-010107	9.0	n/a
sub-010108	n/a	n/a
sub-010109	16.0	n/a
sub-010111	n/a	n/a
sub-010112	24.0	n/a
sub-010113	15.0	n/a
sub-010114	n/a	n/a
sub-010115	19.0	n/a
sub-010116	22.0	n/a
sub-010117	19.0	n/a
sub-010118	22.0	n/a
sub-010119	19.0	n/a
sub-010120	21.0	n/a
sub-010121	20.0	n/a
sub-010122	19.0	n/a
sub-010123	18.0	n/a
sub-010124	23.0	n/a
sub-010125	n/a	n/a
sub-010126	n/a	n/a
sub-010254	n/a	n/a
sub-010127	23.0	n/a
sub-010128	n/a	n/a
sub-010255	n/a	n/a
sub-010129	21.0	n/a
sub-010130	n/a	n/a
sub-010131	21.0	n/a
sub-010132	22.0	n/a
sub-010133	n/a	n/a
sub-010135	21.0	n/a
sub-010136	n/a	n/a
sub-010137	n/a	n/a
sub-010256	n/a	n/a
sub-010138	n/a	n/a
sub-010139	n/a	n/a
sub-010257	n/a	n/a
sub-010258	n/a	n/a
sub-010259	n/a	n/a
sub-010260	n/a	n/a
sub-010140	17.0	n/a
sub-010141	n/a	n/a
sub-010142	n/a	n/a
sub-010143	29.0	n/a
sub-010261	n/a	n/a
sub-010262	n/a	n/a
sub-010144	22.0	n/a
sub-010145	20.0	n/a
sub-010263	n/a	n/a
sub-010264	n/a	n/a
sub-010146	n/a	n/a
sub-010147	n/a	n/a
sub-010148	n/a	n/a
sub-010149	n/a	n/a
sub-010151	21.0	n/a
sub-010152	n/a	n/a
sub-010153	n/a	n/a
sub-010154	n/a	n/a
sub-010265	n/a	n/a
sub-010155	n/a	n/a
sub-010266	n/a	n/a
sub-010156	24.0	n/a
sub-010267	n/a	n/a
sub-010268	n/a	n/a
sub-010269	n/a	n/a
sub-010270	n/a	n/a
sub-010271	n/a	n/a
sub-010272	n/a	n/a
sub-010157	n/a	n/a
sub-010158	26.0	n/a
sub-010159	24.0	n/a
sub-010160	17.0	n/a
sub-010161	16.0	n/a
sub-010273	n/a	n/a
sub-010162	n/a	n/a
sub-010163	n/a	n/a
sub-010164	n/a	n/a
sub-010165	n/a	n/a
sub-010166	n/a	n/a
sub-010167	20.0	n/a
sub-010274	n/a	n/a
sub-010275	n/a	n/a
sub-010168	n/a	n/a
sub-010171	23.0	n/a
sub-010172	22.0	n/a
sub-010173	21.0	n/a
sub-010174	22.0	n/a
sub-010175	n/a	n/a
sub-010176	n/a	n/a
sub-010177	n/a	n/a
sub-010178	n/a	n/a
sub-010276	n/a	n/a
sub-010179	18.0	n/a
sub-010180	n/a	n/a
sub-010181	26.0	n/a
sub-010277	n/a	n/a
sub-010278	n/a	n/a
sub-010279	n/a	n/a
sub-010280	n/a	n/a
sub-010182	n/a	n/a
sub-010281	n/a	n/a
sub-010282	n/a	n/a
sub-010184	21.0	n/a
sub-010185	28.0	n/a
sub-010186	20.0	n/a
sub-010187	n/a	n/a
sub-010188	19.0	n/a
sub-010189	27.0	n/a
sub-010190	21.0	n/a
sub-010283	n/a	n/a
sub-010284	n/a	n/a
sub-010285	n/a	n/a
sub-010286	n/a	n/a
sub-010287	n/a	n/a
sub-010288	n/a	n/a
sub-010289	n/a	n/a
sub-010290	n/a	n/a
sub-010291	n/a	n/a
sub-010191	n/a	n/a
sub-010292	n/a	n/a
sub-010293	n/a	n/a
sub-010192	n/a	n/a
sub-010193	n/a	n/a
sub-010294	n/a	n/a
sub-010194	n/a	n/a
sub-010295	n/a	n/a
sub-010195	n/a	n/a
sub-010296	n/a	n/a
sub-010297	n/a	n/a
sub-010196	n/a	n/a
sub-010298	n/a	n/a
sub-010198	19.0	test stop, because task wrongly understood; didn't looked at every line individually and thought there is a pattern between lines and new start
sub-010200	n/a	n/a
sub-010299	n/a	n/a
sub-010201	n/a	n/a
sub-010300	n/a	n/a
sub-010203	n/a	n/a
sub-010204	n/a	n/a
sub-010205	23.0	n/a
sub-010206	19.0	n/a
sub-010208	19.0	n/a
sub-010209	18.0	n/a
sub-010210	n/a	n/a
sub-010319	n/a	n/a
sub-010211	19.0	n/a
sub-010212	16.0	n/a
sub-010213	n/a	n/a
sub-010214	n/a	n/a
sub-010215	n/a	n/a
sub-010216	n/a	n/a
sub-010217	22.0	n/a
sub-010301	n/a	n/a
sub-010218	n/a	n/a
sub-010302	n/a	n/a
sub-010303	n/a	n/a
sub-010304	n/a	n/a
sub-010305	n/a	n/a
sub-010306	n/a	n/a
sub-010220	n/a	n/a
sub-010307	n/a	n/a
sub-010308	n/a	n/a
sub-010221	19.0	n/a
sub-010309	n/a	n/a
sub-010224	n/a	n/a
sub-010310	n/a	n/a
sub-010225	n/a	n/a
sub-010311	n/a	n/a
sub-010312	n/a	n/a
sub-010313	n/a	n/a
sub-010314	n/a	n/a
sub-010226	n/a	n/a
sub-010227	n/a	n/a
sub-010228	n/a	n/a
sub-010315	n/a	n/a
sub-010316	n/a	n/a
sub-010229	n/a	n/a
sub-010230	n/a	n/a
sub-010231	n/a	n/a
sub-010232	n/a	n/a
sub-010317	n/a	n/a
sub-010233	n/a	n/a
sub-010318	n/a	n/a
