response	response_time	trial_ISI	trial_shape
None	0	1500	green_star
None	0	2500	green_triangle
None	0	1500	red_star
space	329	2500	red_square
None	0	2000	green_square
space	398	1000	red_triangle
space	853	1000	red_square
None	0	1000	red_triangle
None	0	2500	blue_square
None	0	1500	green_square
None	0	1000	green_triangle
None	0	1500	blue_star
None	0	1000	green_triangle
space	486	1000	red_triangle
None	0	2000	red_square
None	0	2500	green_star
None	0	2500	red_triangle
space	420	2000	red_square
None	0	2000	green_circle
space	571	1500	red_square
None	0	2500	green_square
None	0	1500	blue_circle
None	0	1000	yellow_square
space	431	1000	red_square
space	534	1500	red_square
None	0	1500	red_circle
None	0	1000	blue_circle
None	0	2000	blue_triangle
space	431	1500	red_square
None	0	1500	green_triangle
None	0	2500	yellow_star
None	0	2500	green_square
space	410	1000	red_square
None	0	1500	yellow_circle
None	0	1500	yellow_star
None	0	2000	blue_star
None	0	2500	red_star
None	0	2500	green_star
None	0	2000	red_circle
None	0	1500	green_star
None	0	2000	blue_circle
None	0	2000	yellow_square
None	0	1000	red_circle
None	0	1000	blue_square
None	0	1000	blue_star
None	0	2500	red_circle
None	0	1000	green_square
None	0	2500	yellow_triangle
None	0	2500	red_circle
space	469	2000	red_square
None	0	1000	red_triangle
None	0	2000	yellow_circle
space	444	1000	red_square
None	0	1000	yellow_star
None	0	1500	green_circle
space	531	2000	red_square
space	587	2000	red_square
None	0	1500	yellow_star
space	412	2500	red_square
None	0	1500	red_star
None	0	1500	green_square
space	424	2000	red_square
space	344	1000	red_square
None	0	1000	yellow_square
space	438	2000	red_square
None	0	2000	green_star
space	406	1000	red_square
None	0	2000	blue_square
None	0	1500	red_star
None	0	1000	yellow_triangle
None	0	2000	red_triangle
None	0	1500	blue_triangle
None	0	2000	red_star
None	0	2000	red_circle
space	461	1000	red_square
space	468	1500	red_square
space	373	1000	red_square
space	381	1500	red_square
space	398	2500	red_square
None	0	1500	yellow_square
None	0	2000	blue_square
space	504	2500	red_square
None	0	1500	red_triangle
None	0	2500	green_triangle
None	0	1500	green_triangle
None	0	1000	red_circle
space	438	2500	red_square
None	0	1000	yellow_star
None	0	2000	green_square
None	0	1500	red_star
None	0	1000	green_square
None	0	2000	yellow_star
space	486	2000	red_square
None	0	2000	blue_star
None	0	2000	blue_triangle
None	0	1000	green_circle
None	0	1500	blue_star
space	517	2500	red_square
None	0	1500	yellow_star
space	424	2000	red_square
None	0	1000	yellow_circle
None	0	2000	yellow_triangle
None	0	2000	blue_triangle
space	390	1500	red_square
space	447	2000	red_square
None	0	2500	red_triangle
None	0	1000	yellow_triangle
None	0	2500	yellow_square
space	345	1000	red_square
None	0	1500	red_star
None	0	2500	green_circle
None	0	1000	blue_triangle
None	0	1000	green_triangle
None	0	2500	green_square
None	0	1500	green_square
None	0	2000	yellow_square
None	0	2000	green_star
None	0	1000	yellow_star
None	0	2500	yellow_square
None	0	2500	red_triangle
None	0	1000	blue_triangle
space	526	2500	red_square
None	0	2000	yellow_square
None	0	1500	yellow_triangle
None	0	2000	red_star
space	471	2000	red_square
None	0	1500	blue_square
None	0	2500	red_circle
None	0	1000	yellow_circle
space	446	2000	red_square
None	0	1500	blue_square
None	0	2500	yellow_circle
space	468	1500	red_square
None	0	1000	green_square
None	0	2500	yellow_triangle
space	470	2000	red_square
space	510	2500	red_square
None	0	1000	green_square
None	0	1000	blue_circle
None	0	1000	red_star
space	453	1000	red_square
None	0	2000	blue_star
space	371	1000	red_square
None	0	1500	blue_star
None	0	1500	green_circle
None	0	2500	yellow_triangle
space	471	1000	red_triangle
None	0	2500	red_square
space	444	1500	red_square
None	0	1500	green_triangle
space	319	2000	red_square
space	462	2500	red_square
None	0	1000	green_square
None	0	2000	blue_square
None	0	1500	blue_triangle
None	0	2500	blue_star
None	0	1000	yellow_square
None	0	2500	blue_square
None	0	2000	blue_star
None	0	2000	red_circle
None	0	2500	blue_triangle
space	583	1000	red_square
space	399	1500	red_square
None	0	2500	red_triangle
None	0	1500	red_star
None	0	2500	green_star
None	0	1000	yellow_star
None	0	1000	yellow_square
space	531	1500	red_square
space	321	2500	red_square
space	362	2000	red_square
None	0	2500	green_star
None	0	1500	green_square
None	0	1500	yellow_square
space	414	1000	red_square
None	0	1000	blue_circle
space	508	1000	red_square
space	355	2000	red_square
None	0	1000	blue_square
None	0	2500	red_circle
None	0	2000	green_triangle
space	460	1000	red_square
None	0	1500	red_triangle
space	480	2500	red_square
None	0	2000	red_star
None	0	1000	green_star
None	0	1500	yellow_star
None	0	1500	blue_star
space	492	2000	red_square
None	0	1000	green_circle
None	0	1000	red_circle
space	449	2000	red_square
None	0	2000	yellow_circle
None	0	1500	green_square
None	0	2000	green_circle
None	0	2000	green_circle
None	0	1500	yellow_triangle
None	0	2500	blue_circle
None	0	2500	green_triangle
space	501	2500	red_square
None	0	2500	red_star
None	0	2000	blue_square
None	0	2000	blue_star
None	0	2000	red_triangle
space	435	1500	red_square
space	548	1500	red_square
space	342	2000	red_square
None	0	1500	blue_triangle
None	0	2000	green_circle
None	0	1000	yellow_circle
space	397	1500	red_square
None	0	1500	blue_circle
None	0	2000	red_triangle
space	440	2000	red_square
space	399	1000	red_square
None	0	1500	red_circle
None	0	2500	yellow_circle
space	422	2500	red_square
space	375	1500	red_square
space	288	1000	red_square
None	0	2000	yellow_circle
None	0	2000	blue_square
None	0	2500	blue_circle
None	0	2000	red_circle
None	0	1500	green_star
space	529	2500	red_square
None	0	2500	blue_circle
space	469	1500	red_square
None	0	2500	blue_circle
None	0	2500	green_square
None	0	2000	green_circle
None	0	2000	red_star
None	0	2500	green_circle
None	0	2000	red_circle
None	0	2500	red_circle
None	0	2000	blue_triangle
space	427	2500	red_square
None	0	2500	red_circle
space	541	2500	red_square
space	439	2000	red_square
space	407	2500	red_square
None	0	2500	blue_triangle
None	0	2500	yellow_circle
space	424	1500	red_square
None	0	2500	yellow_square
space	354	1500	red_square
None	0	1000	green_triangle
None	0	2000	yellow_square
space	451	1000	red_square
None	0	2500	red_square
None	0	1000	red_star
space	506	2000	red_square
None	0	2500	red_circle
space	444	1500	red_square
None	0	2500	red_circle
None	0	1500	blue_triangle
None	0	1000	yellow_circle
space	456	1000	red_square
None	0	1000	red_star
None	0	2000	green_circle
space	493	2500	red_square
space	423	2500	red_square
None	0	1000	yellow_square
None	0	2500	blue_square
None	0	1000	yellow_square
space	536	2500	red_square
None	0	1500	blue_square
space	379	2000	red_square
space	435	2500	red_square
None	0	1000	green_triangle
space	459	1500	red_square
None	0	2500	blue_square
space	331	1000	red_square
None	0	2500	yellow_square
None	0	2500	green_square
None	0	2500	green_star
None	0	1000	yellow_star
None	0	1500	red_star
None	0	1500	green_square
None	0	1500	green_circle
None	0	2500	yellow_square
None	0	2500	red_star
space	434	2000	red_square
None	0	1500	yellow_square
None	0	2000	green_triangle
space	402	1500	red_square
None	0	2000	blue_circle
space	410	1000	red_square
None	0	1000	yellow_triangle
None	0	2500	yellow_triangle
None	0	1500	red_triangle
None	0	1500	red_circle
None	0	2500	blue_triangle
space	415	1000	red_square
None	0	1500	blue_square
space	504	1500	red_square
space	417	1000	red_square
None	0	2000	yellow_triangle
None	0	2000	blue_square
None	0	2500	blue_square
space	488	2000	red_square
None	0	1500	green_star
None	0	1000	blue_star
None	0	2000	yellow_square
None	0	1000	blue_circle
space	424	1000	red_square
space	335	1500	red_square
None	0	1500	yellow_triangle
None	0	2000	red_star
None	0	1500	blue_square
None	0	1000	yellow_star
space	625	1500	red_square
None	0	1000	red_star
None	0	2000	red_triangle
None	0	2500	blue_star
None	0	2000	red_triangle
space	383	1500	red_square
None	0	1000	red_triangle
None	0	1000	yellow_circle
None	0	1500	blue_square
